NAME,NUM_ROWS,NUM_COLS,TYPE
Michael,28653720,24,Security
Christopher,28301500,23,Factory
Jessica,28129800,24,Security
Matthew,27785700,57,Security
Jennifer,25268500,39,Security
Jennifer,25000410,39,Security
Amanda,6421700,25,Security
Daniel,6356749,27,Security
David,6332000,19,Security
James,5451726,3,Factory
Robert,5330846,12,Compliance
John,4052990,11,Security
Joseph,3768400,21,Security
Andrew,3104400,6,Factory
Ryan,3087180,27,Factory
Brandon,2802000,19,Security
Jason,2632098,27,Factory
Justin,2584900,18,Security
Sarah,1854500,11,Factory
William,1772066,12,Design
Jonathan,1504200,24,Security
Stephanie,1492900,34,Security
Brian,1435100,24,Security
Nicole,1234700,8,Security
Nicholas,1078000,8,Security
Anthony,976477,6,Security
Heather,903108,24,H&R
Eric,819239,19,Marketing
Elizabeth,780100,9,Marketing
Adam,672519,14,Security
Megan,653161,15,Marketing
Melissa,644200,21,Security
Kevin,614521,220,Security
Steven,580107,46,Security
Thomas,560506,11,Security
Timothy,493553,24,Design
Christina,460500,17,Marketing
Kyle,454200,24,Security
Rachel,434400,24,Security
Laura,423000,8,Security
Lauren,388328,13,Security
Amber,386059,123,Design
Brittany,374057,120,Design
Danielle,329700,15,Design
Richard,323509,45,Design
Kimberly,319556,8,Design
Jeffrey,277848,25,Security
Amy,260400,5,Marketing
Crystal,256090,26,Design
Michelle,252400,23,Security
Tiffany,251700,23,Security
Jeremy,245658,3,Security
Benjamin,240557,25,H&R
Mark,237350,14,Security
Emily,236583,23,H&R
Aaron,236279,4,Security
Charles,235113,23,Design
Rebecca,233242,23,Security
Jacob,232679,11,Security
Stephen,231752,23,H&R
Patrick,231108,23,Security
Sean,230394,23,Security
Erin,229316,17,Security
Zachary,228822,17,Security
Jamie,227488,23,Security
Kelly,221891,17,Security
Samantha,217097,23,Security
Nathan,214994,23,Security
Sara,213199,23,Security
Dustin,210289,23,Security
Paul,208998,23,Security
Angela,207817,23,Security
Tyler,206038,23,Security
Scott,205949,23,Security
Katherine,205273,23,Security
Andrea,204387,19,Security
Gregory,204235,23,Design
Erica,203940,23,Security
Mary,201883,14,Security
Travis,201577,23,Marketing
Lisa,200900,23,Security
Kenneth,199076,17,Security
Bryan,197691,17,Security
Lindsey,197526,17,Security
Kristen,197485,17,Security
Jose,196804,23,Security
Alexander,194636,23,Security
Jesse,194592,23,Security
Katie,192996,23,Security
Lindsay,192549,23,Security
Shannon,192348,49,Security
Vanessa,191516,49,Security
Courtney,191305,11,Security
Christine,190500,17,Design
Shannon,189748,49,Security
Cody,187136,4,Security
Allison,186456,17,Compliance
Bradley,185199,23,Security
Samuel,179584,23,Security
Shawn,175636,23,Security
April,175272,24,Security
Derek,175240,18,Security
Kathryn,167744,10,Factory
Kristin,166902,17,I.T
Chad,163689,38,Security
Jenna,163004,18,Security
Tara,159996,17,Factory
Maria,159176,7,Security
Krystal,157901,14,H&R
Jared,145420,17,Design
Anna,143728,17,Design
Edward,141643,12,Design
Julie,137432,5,Design
Peter,127343,36,Security
Holly,123950,55,Design
Marcus,121362,61,I.T
Kristina,120342,5,I.T
Natalie,120255,16,H&R
Jordan,117963,21,Security
Victoria,117424,24,H&R
Jacqueline,114581,86,Security
Corey,112985,12,I.T
Keith,112456,24,Security
Monica,111071,21,Security
Juan,108354,35,Security
Donald,105035,21,H&R
Cassandra,100179,12,H&R
Meghan,97349,16,Design
Joel,95658,10,Design
Shane,95435,92,Design
Phillip,94125,5,Design
Patricia,93878,44,Design
Brett,92235,6,Design
Ronald,91743,14,Security
Catherine,91408,34,Factory
George,90393,38,Factory
Antonio,90298,54,Design
Cynthia,89975,41,Security
Stacy,88634,37,Security
Kathleen,88573,23,Design
Raymond,88132,38,Design
Carlos,84855,88,Design
Brandi,82865,28,Design
Douglas,82811,89,Design
Nathaniel,81752,9,Design
Ian,80453,5,Marketing
Craig,77984,20,Marketing
Brandy,77854,28,Design
Alex,75610,6,Design
Valerie,75358,13,H&R
Veronica,73546,41,Design
Cory,72891,36,Design
Whitney,72455,18,H&R
Gary,71690,23,Factory
Derrick,71424,261,Security
Philip,69034,23,Security
Luis,68727,3,Security
Diana,68191,23,Factory
Chelsea,67659,35,Security
Leslie,67127,24,H&R
Caitlin,66571,17,Marketing
Leah,65599,46,Security
Natasha,65576,41,H&R
Erika,64086,6,H&R
Casey,63985,54,Design
Latoya,63372,5,Factory
Erik,61432,39,Security
Dana,61302,19,Security
Victor,59287,23,Security
Brent,59178,54,Security
Dominique,59164,85,Factory
Frank,58874,3,I.T
Brittney,56228,11,Factory
Evan,55920,45,Marketing
Leah,55913,46,H&R
Julia,53887,42,H&R
Candice,53866,16,H&R
Karen,53063,21,Design
Melanie,50993,34,Security
Adrian,48639,25,Design
Stacey,47390,34,Security
Margaret,46895,5,H&R
Sheena,46176,1,H&R
Wesley,43470,8,H&R
Vincent,43119,21,Security
Alexandra,41912,9,Design
Katrina,40847,8,Security
Bethany,40755,7,Security
Nichole,40666,8,H&R
Larry,40543,8,Security
Jeffery,40416,21,Security
Curtis,39934,55,Security
Carrie,39903,8,I.T
Todd,39640,10,Security
Blake,38219,34,H&R
Christian,37976,8,Security
Randy,37926,9,Security
Dennis,37858,16,H&R
Alison,37853,44,Security
Trevor,37642,8,Security
Seth,37638,17,Security
Kara,37515,23,Security
Joanna,36841,8,Security
Rachael,35581,8,Security
Luke,35525,82,Security
Felicia,35349,8,Security
Brooke,34879,31,Security
Austin,34787,33,Design
Candace,34425,27,Marketing
Jasmine,33935,23,Security
Jesus,33915,17,Security
Alan,33700,23,Security
Susan,33650,49,Security
Sandra,33399,17,Design
Tracy,33396,3,Marketing
Kayla,32808,17,Marketing
Nancy,32423,9,Security
Tina,32258,49,Security
Krystle,32169,9,Design
Russell,31992,23,Security
Jeremiah,31987,9,Security
Carl,31787,20,Security
Miguel,31698,9,Security
Tony,31551,26,Security
Luke,31501,82,Security
Gina,31455,20,Security
Jillian,31448,10,Compliance
Pamela,31416,14,Security
Mitchell,31361,11,Security
Hannah,31056,7,Compliance
Renee,30838,7,Security
Denise,30215,17,Factory
Molly,29897,24,Security
Jerry,29730,61,Security
Misty,29486,5,I.T
Mario,29278,24,Factory
Johnathan,28992,8,Security
Jaclyn,28662,13,Security
Brenda,28330,67,I.T
Terry,28030,11,H&R
Lacey,27961,16,Security
Shaun,27856,20,I.T
Devin,27730,17,Security
Heidi,27596,23,Security
Troy,27205,24,Security
Mitchell,26883,11,Security
Desiree,26734,15,Compliance
Jorge,26364,5,Design
Andre,26293,12,Factory
Morgan,26112,16,Design
Drew,26055,60,I.T
Sabrina,24648,9,I.T
Miranda,24148,21,I.T
Alyssa,23660,7,Design
Alisha,23595,45,Security
Teresa,22719,9,Security
Johnny,22586,5,Design
Meagan,21717,19,Compliance
Allen,20478,26,I.T
Krista,20472,10,Design
Marc,20471,23,Marketing
Tabitha,20323,21,Security
Lance,20298,20,I.T
Ricardo,20296,17,Security
Martin,20006,7,Security
Chase,19789,8,Compliance
Theresa,19338,26,Design
Melinda,19140,8,Design
Monique,19036,21,Security
Tanya,18961,15,I.T
Linda,18214,3,H&R
Kristopher,18067,17,H&R
Bobby,17842,8,Security
Caleb,17467,4,Compliance
Ashlee,17355,16,Compliance
Kelli,17238,2,Security
Henry,16903,12,H&R
Garrett,16641,137,I.T
Mallory,16638,13,Security
Jill,16638,14,Marketing
Jonathon,16551,10,Security
Kristy,16464,17,H&R
Anne,16364,5,Security
Francisco,16269,23,Design
Danny,16234,20,Security
Robin,15012,25,Security
Lee,14984,19,Compliance
Tamara,14957,12,I.T
Manuel,14826,4,H&R
Meredith,14767,10,H&R
Colleen,14631,5,Compliance
Lawrence,14344,17,Marketing
Christy,14294,23,Security
Ricky,14024,6,Security
Randall,14011,8,Design
Marissa,13911,51,I.T
Ross,13827,27,Design
Mathew,13657,28,Design
Jimmy,13447,14,H&R
Abigail,13354,186,H&R
Kendra,13219,4,H&R
Robin,13180,25,Security
Billy,12547,23,Compliance
Deanna,12516,6,Security
Jenny,12405,23,Compliance
Jon,12201,20,Security
Albert,12186,17,Security
Taylor,12154,23,Security
Lori,12098,4,Security
Rebekah,11852,13,H&R
Cameron,11771,47,Security
Ebony,11722,23,Security
Wendy,11298,17,Security
Angel,10960,16,Security
Micheal,10615,18,Security
Kristi,10521,11,Security
Caroline,10495,49,I.T
Colin,10420,11,Design
Dawn,10360,6,Security
Kari,10304,14,Security
Clayton,10247,14,Security
Arthur,10227,23,Security
Roger,10134,43,Security
Roberto,10080,23,Security
Priscilla,9919,23,Security
Deanna,9875,6,Security
Kelsey,9869,4,Compliance
Clinton,9864,23,Design
Walter,9836,7,Security
Louis,9759,23,Security
Barbara,9606,23,Security
Isaac,9556,11,Security
Cassie,9155,70,Security
Grant,8957,4,H&R
Cristina,8846,21,Design
Tonya,8831,23,Security
Rodney,8741,47,Security
Bridget,8641,9,Security
Joe,8549,4,Security
Cindy,8456,7,I.T
Oscar,8126,24,Security
Willie,8105,17,Compliance
Maurice,8069,10,Compliance
Jaime,7846,14,Security
Angelica,7743,6,H&R
Sharon,7689,16,Security
Julian,7682,2,Compliance
Jack,7589,22,Design
Jay,7459,14,Compliance
Oscar,7390,24,Security
Marie,7377,26,Compliance
Hector,7220,9,Security
Kate,7185,21,Security
Sharon,7007,16,Design
Tasha,6934,4,Compliance
Michele,6922,274,Security
Ana,6654,11,Security
Stefanie,6416,14,I.T
Cara,6378,12,Marketing
Alejandro,5971,4,Security
Ruben,5912,9,Security
Gerald,5766,6,Security
Audrey,5760,6,Compliance
Kristine,5741,8,Design
Willie,5735,17,I.T
Shana,5667,9,Compliance
Javier,5626,7,Security
Katelyn,5469,11,Factory
Brianna,5463,26,Marketing
Bruce,5413,5,Security
Deborah,5283,12,Factory
Claudia,5266,12,Factory
Carla,5127,6,Factory
Wayne,5111,3,Factory
Roy,5069,21,Compliance
Virginia,5029,24,H&R
Haley,4929,10,Security
Brendan,4859,15,Security
Janelle,4857,21,I.T
Jacquelyn,4820,15,Security
Beth,4700,5,Compliance
Edwin,4690,10,Compliance
Jacquelyn,4495,15,I.T
Dominic,4449,12,Compliance
Latasha,4432,8,I.T
Darrell,4387,4,Security
Geoffrey,4358,11,I.T
Savannah,4243,25,H&R
Reginald,4175,927,H&R
Carly,4099,218,H&R
Fernando,4077,23,Security
Ashleigh,4058,17,Security
Aimee,4058,20,Security
Regina,4051,12,Security
Mandy,3985,16,Security
Mandy,3985,16,Compliance
Rafael,3967,23,Compliance
Pedro,3856,23,Security
Janet,3832,43,Security
Kaitlin,3759,6,Design
Frederick,3743,270,H&R
Cheryl,3721,13,H&R
Autumn,3689,13,Security
Tyrone,3663,3,Security
Martha,3602,5,Security
Omar,3590,3,Security
Lydia,3588,4,Compliance
Jerome,3588,4,Security
Theodore,3579,3,Security
Abby,3558,10,Compliance
Neil,3528,16,Marketing
Neil,3528,16,Compliance
Sierra,3522,10,Compliance
Nina,3476,3,H&R
Tammy,3467,23,Marketing
Nikki,3436,3,Security
Terrance,3434,11,H&R
Donna,3402,23,H&R
Claire,3359,23,Security
Cole,3279,4,Security
Trisha,3253,23,Compliance
Bonnie,3175,23,Security
Diane,3167,5,Security
Summer,3166,20,Design
Carmen,3166,17,Security
Mayra,3134,23,Security
Jermaine,3125,28,Security
Eddie,3092,17,Factory
Micah,3079,23,Security
Marvin,3063,6,Security
Levi,3051,23,Security
Emmanuel,3022,23,Security
Brad,3018,23,Security
Taryn,3017,21,Security
Toni,2928,14,I.T
Jessie,2928,13,Security
Evelyn,2926,14,Security
Darryl,2925,13,Security
Ronnie,2925,13,Security
Joy,2925,14,Security
Adriana,2923,13,Security
Ruth,2922,15,Security
Mindy,2916,11,Security
Spencer,2909,14,Security
Noah,2892,11,Security
Raul,2892,16,Security
Suzanne,2892,13,Security
Sophia,2892,11,Security
Dale,2891,3,Security
Jodi,2877,59,Marketing
Christie,2860,9,Compliance
Raquel,2837,4,Security
Naomi,2837,4,Security
Kellie,2789,1,Security
Ernest,2777,4,Security
Jake,2754,12,Marketing
Grace,2717,3,Marketing
Tristan,2706,2,Marketing
Jodi,2705,59,Compliance
Hilary,2704,17,Compliance
Eduardo,2695,5,Security
Ivan,2680,5,Security
Hillary,2680,3,Security
Yolanda,2649,30,Security
Alberto,2640,3,Security
Andres,2636,3,Compliance
Olivia,2610,16,Compliance
Armando,2605,3,I.T
Paula,2589,10,Compliance
Amelia,2530,6,Security
Sheila,2418,15,I.T
Rosa,2358,14,H&R
Robyn,2298,20,H&R
Kurt,2295,18,I.T
Dane,2278,17,H&R
Glenn,2233,8,Compliance
Nicolas,2233,18,Compliance
Gloria,2229,10,Compliance
Eugene,2228,8,Marketing
Logan,2216,24,Marketing
Steve,2191,51,Security
Ramon,2182,4,Security
Bryce,2182,4,Security
Dane,2180,17,Security
Preston,2127,10,Compliance
Keri,2126,10,H&R
Devon,2119,28,I.T
Alana,2081,3,Design
Marisa,2040,7,H&R
Melody,2020,23,H&R
Rose,1990,10,Security
Barry,1973,6,Security
Marco,1965,10,I.T
Karl,1960,23,I.T
Daisy,1954,1,Security
Leonard,1939,23,Security
Randi,1878,8,Security
Maggie,1878,8,Security
Charlotte,1862,6,Security
Emma,1835,4,Security
Terrence,1816,23,Security
Justine,1806,25,Security
Britney,1759,3,Security
Lacy,1755,9,Compliance
Jeanette,1743,16,Compliance
Francis,1725,21,Security
Tyson,1712,42,Design
Elise,1700,9,Compliance
Sylvia,1698,23,Security
Tyson,1691,42,Security
Stanley,1688,23,Compliance
Debra,1682,3,Security
Brady,1640,23,Marketing
Charity,1636,17,Security
Hope,1624,33,H&R
Melvin,1619,10,Marketing
Johanna,1619,14,Security
Karla,1613,2,H&R
Jarrod,1596,12,H&R
Charlene,1591,45,I.T
Gabrielle,1589,5,Marketing
Cesar,1566,23,Compliance
Clifford,1563,13,Security
Byron,1551,36,Marketing
Terrell,1547,23,Marketing
Sonia,1545,20,Security
Julio,1515,2,Design
Stacie,1488,5,H&R
Shelby,1483,22,Design
Shelly,1479,6,Security
Edgar,1472,5,Compliance
Roxanne,1448,23,Factory
Dwayne,1439,15,Security
Kaitlyn,1436,69,Design
Kasey,1433,16,H&R
Jocelyn,1426,8,Security
Alexandria,1393,9,Marketing
Harold,1376,23,Security
Esther,1373,40,Security
Kerri,1351,9,Marketing
Ellen,1339,3,H&R
Abraham,1328,12,Marketing
Cedric,1310,23,Security
Carol,1303,23,Security
Katharine,1291,42,Security
Shauna,1282,9,Security
Frances,1279,11,Security
Antoine,1270,4,Security
Tabatha,1260,5,Security
Annie,1260,23,Security
Erick,1254,11,Security
Alissa,1250,13,Marketing
Sherry,1250,2,I.T
Chelsey,1248,23,Compliance
Franklin,1242,23,Security
Branden,1231,23,Security
Helen,1228,13,Security
Traci,1222,6,Factory
Lorenzo,1212,8,Marketing
Dean,1207,23,Marketing
Sonya,1170,11,Security
Briana,1167,4,Security
Angelina,1145,8,I.T
Trista,1135,5,Design
Bianca,1118,4,Security
Leticia,1117,6,Compliance
Tia,1108,54,Security
Kristie,1095,20,Security
Stuart,1085,8,Security
Laurie,1052,40,Compliance
Laurie,1043,40,Compliance
Leigh,1015,23,Compliance
Elisabeth,988,25,Security
Alfredo,977,23,Security
Aubrey,977,17,Security
Ray,968,5,Security
Arturo,966,23,Security
Joey,962,20,Security
Kelley,959,23,Security
Max,958,23,H&R
Andy,958,20,Security
Latisha,951,23,Security
Johnathon,949,20,Security
India,949,23,Security
Eva,933,8,Security
Ralph,926,23,Security
Yvonne,926,17,Security
Warren,922,20,Security
Kirsten,918,17,Security
Miriam,914,13,Design
Kelvin,908,20,Security
Lorena,905,23,Security
Staci,905,20,Security
Anita,905,5,Security
Rene,903,25,Security
Cortney,895,12,Design
Orlando,895,8,I.T
Carissa,892,23,Design
Jade,892,20,Security
Camille,884,16,Security
Leon,872,17,Factory
Paige,872,23,Security
Marcos,860,23,Security
Elena,849,13,Security
Brianne,841,23,Security
Dorothy,841,20,Security
Marshall,835,15,Security
Daryl,835,4,Security
Colby,835,4,Security
Terri,832,2,Security
Gabriela,799,14,H&R
Brock,787,2,Design
Gerardo,766,13,Marketing
Jane,766,13,Security
Nelson,763,7,Security
Tamika,750,37,Security
Alvin,750,13,Marketing
Chasity,749,14,Security
Trent,748,14,Security
Jana,748,13,Security
Enrique,745,4,Security
Tracey,737,23,Compliance
Antoinette,728,5,Security
Jami,727,5,H&R
Earl,727,8,Security
Gilbert,726,17,Design
Damien,720,9,Security
Janice,720,9,Security
Christa,720,9,Security
Tessa,720,9,Security
Kirk,720,9,Security
Yvette,720,9,Security
Elijah,720,9,Security
Howard,720,9,Security
Elisa,720,9,Security
Desmond,716,15,Security
Clarence,716,13,Security
Alfred,706,14,Security
Alfred,706,14,Compliance
Breanna,696,7,Compliance
Kerry,694,4,Security
Nickolas,694,9,Marketing
Maureen,694,7,Security
Karina,693,10,Factory
Roderick,687,1,Compliance
Rochelle,674,9,Security
Rhonda,669,16,Marketing
Keisha,643,12,Security
Irene,641,6,H&R
Ethan,638,4,Compliance
Alice,638,4,Security
Allyson,610,14,Security
Hayley,603,23,Security
Trenton,600,7,Security
Beau,558,40,Security
Elaine,556,32,Security
Demetrius,550,31,Marketing
Cecilia,550,14,Marketing
Karina,535,10,Compliance
Brandie,510,4,Compliance
Katy,507,10,Security
Tricia,504,3,Security
Bernard,504,14,Marketing
Wade,499,8,Security
Chance,484,9,Security
Bryant,480,9,Security
Zachery,474,23,Security
Clifton,460,7,Security
Julianne,454,15,Factory
Angelo,446,5,Security
Elyse,409,11,Compliance
Lyndsey,409,7,I.T
Clarissa,406,32,I.T
Meaghan,400,14,Design
Tanisha,390,4,Security
Ernesto,360,14,Design
Isaiah,360,4,Compliance
Xavier,352,11,I.T
Clint,347,25,Security
Jamal,342,22,Security
Jamal,342,22,Compliance
Salvador,336,25,Compliance
Jena,333,6,Security
Marisol,328,17,Compliance
Ernesto,327,14,Security
Guadalupe,316,9,Compliance
Chris,313,5,Security
Patrice,305,7,Compliance
Jenifer,305,10,Compliance
Jenifer,301,10,Compliance
Landon,298,6,Compliance
Brenton,298,9,Compliance
Sandy,292,8,Security
Jasmin,291,12,I.T
Ariel,291,16,H&R
Sasha,285,13,H&R
Juanita,281,3,Security
Israel,280,7,I.T
Ericka,280,9,Factory
Quentin,280,23,Security
Jayme,279,7,Security
Damon,276,9,Marketing
Heath,274,2,Factory
Kira,271,6,Compliance
Ruby,268,11,Security
Heath,268,2,H&R
Tiara,265,23,Compliance
Jackie,265,17,Security
Jennie,265,16,Security
Collin,262,3,Security
Lakeisha,257,9,I.T
Kenny,254,3,H&R
Norman,253,9,Design
Leanne,252,8,Security
Hollie,251,16,Security
Destiny,248,4,H&R
Shelley,246,13,Marketing
Amie,244,5,H&R
Callie,244,10,I.T
Hunter,239,15,Security
Duane,239,6,H&R
Sally,235,13,Factory
Serena,235,25,Security
Lesley,234,6,Design
Connie,234,4,I.T
Dallas,228,10,I.T
Simon,227,6,Security
Neal,225,19,Security
Laurel,221,9,Compliance
Neal,220,19,Security
Lewis,218,17,Compliance
Bobbie,215,6,Security
Faith,214,2,Security
Brittani,212,4,Marketing
Shayla,201,3,Compliance
Eli,201,12,Compliance
Judith,201,6,H&R
Terence,200,11,Security
Ciara,199,2,Factory
Charlie,192,11,H&R
Alyson,190,19,Security
Vernon,189,11,Security
Alma,188,11,Security
Quinton,187,23,Security
Nora,187,4,Security
Lillian,187,4,Compliance
Leroy,187,17,Compliance
Joyce,183,7,Security
Chrystal,179,3,Compliance
Marquita,178,20,H&R
Lamar,177,4,H&R
Ashlie,175,20,Marketing
Kent,172,4,Security
Kent,172,4,Compliance
Joanne,171,5,Compliance
Gavin,171,2,Security
Yesenia,169,16,H&R
Perry,165,4,Security
Marilyn,165,11,Security
Graham,163,19,Security
Graham,163,19,Compliance
Lena,162,22,Compliance
Allan,160,7,Security
Juliana,160,10,I.T
Jayson,159,34,Security
Shari,156,9,Security
Nadia,156,2,Security
Tanner,154,8,Marketing
Isabel,153,13,Marketing
Becky,153,14,Security
Rudy,153,4,Security
Blair,150,17,H&R
Christen,150,23,Security
Rosemary,147,23,Security
Marlon,147,17,Security
Glen,147,20,Security
Genevieve,146,13,Security
Damian,146,2,Security
Michaela,145,9,I.T
Shayna,144,9,I.T
Marquis,144,23,Compliance
Fredrick,143,17,Security
Celeste,143,23,Security
Bret,142,3,Security
Betty,140,7,H&R
Kurtis,140,3,Security
Rickey,138,3,H&R
Dwight,137,16,Security
Rory,137,2,Security
Mia,137,20,Compliance
Josiah,137,17,H&R
Norma,136,9,Security
Bridgette,135,13,Security
Shirley,135,20,Marketing
Sherri,134,4,Security
Noelle,134,6,Security
Rory,134,2,I.T
Alisa,133,6,Compliance
Zachariah,133,3,Marketing
Jody,133,2,Compliance
Christin,133,13,Design
Julius,132,4,Marketing
Gordon,132,4,Security
Latonya,132,4,Security
Lara,132,4,Security
Lucy,132,4,Security
Jarrett,132,4,Security
Elisha,132,4,Security
Deandre,132,4,Security
Audra,132,4,Security
Beverly,132,4,Security
Felix,132,4,Security
Alejandra,132,4,Security
Nolan,132,4,Security
Tiffani,132,4,Security
Lonnie,132,4,Security
Don,131,20,Security
Darlene,129,14,Security
Rodolfo,127,5,Security
Terra,127,3,H&R
Sheri,127,4,Design
Zachariah,127,3,Design
Maxwell,126,5,Compliance
Kendall,126,9,H&R
Ashly,125,4,Security
Kendrick,125,2,Security
Jean,124,2,H&R
Jarvis,124,3,H&R
Fred,122,10,H&R
Tierra,121,9,Marketing
Abel,120,23,Security
Pablo,120,17,Security
Maribel,120,20,Security
Donovan,119,17,Security
Stephan,119,23,Security
Judy,118,19,Security
Elliott,118,4,Marketing
Tyrell,116,9,Marketing
Chanel,113,26,Marketing
Miles,112,5,Security
Fabian,108,2,Compliance
Alfonso,107,20,H&R
Cierra,105,2,Security
Mason,103,4,Compliance
Larissa,103,9,Compliance
Elliot,100,7,H&R
Brenna,100,2,H&R
Bradford,100,4,H&R
Kristal,100,5,Compliance
Gustavo,100,5,Factory
Gretchen,99,4,Compliance
Cierra,97,2,Compliance
Jarred,92,26,Compliance
Pierre,88,8,Compliance
Lloyd,81,16,Marketing
Jolene,80,23,Security
Marlene,80,17,Security
Leo,80,10,Security
Jamar,80,9,Security
Dianna,79,23,Security
Noel,79,17,Security
Angie,79,8,Security
Tatiana,78,13,Security
Rick,76,15,Marketing
Leann,76,2,Security
Corinne,75,2,Design
Sydney,74,17,Marketing
Belinda,74,23,Security
Lora,72,3,Security
Mackenzie,71,22,Security
Mackenzie,71,22,Compliance
Guillermo,70,17,Compliance
Tameka,69,2,Security
Elias,69,20,Design
Janine,68,6,Security
Ben,68,20,Factory
Stefan,68,20,Security
Josephine,67,20,Security
Dominick,66,2,Security
Jameson,66,27,Compliance
Bobbi,66,4,Compliance
Blanca,66,16,Security
Jameson,66,27,Compliance
Blanca,66,16,Compliance
Darin,65,36,Compliance
Ashely,65,4,Security
Clay,65,2,Security
Cassidy,65,4,Design
Roland,63,2,Design
Ismael,62,13,H&R
Harrison,62,20,Security
Lorraine,62,1,Security
Owen,62,3,Compliance
Daniela,62,5,Compliance
Rocky,61,2,Security
Marisela,60,2,Design
Saul,60,3,H&R
Kory,60,8,Compliance
Dexter,60,20,Compliance
Chandra,58,9,Security
Gwendolyn,58,17,Security
Francesca,58,16,Security
Alaina,58,23,Security
Mandi,55,2,Security
Fallon,55,3,Compliance
Celia,55,2,Design
Vivian,55,3,I.T
Rolando,54,11,Design
Raven,54,4,H&R
Lionel,53,13,H&R
Carolina,53,1,Design
Tania,52,2,Compliance
Joann,51,3,H&R
Casandra,50,1,Security
Betsy,49,4,Compliance
Tracie,49,5,Compliance
Dante,48,2,I.T
Trey,48,6,Security
Margarita,47,9,Security
Skyler,47,9,H&R
Sade,47,8,Security
Lyndsay,44,13,Security
Jacklyn,44,8,Security
Marina,44,14,Security
Rogelio,43,5,Security
Racheal,43,2,H&R
Mollie,43,20,Design
Liliana,42,3,Security
Maegan,42,2,H&R
Felipe,42,4,Design
Malcolm,41,7,Security
Santana,40,5,H&R
Anastasia,40,4,Marketing
Madeline,40,2,I.T
Breanne,40,5,Design
Tiffanie,39,5,I.T
Dillon,39,7,Compliance
Melisa,37,4,H&R
Darrin,36,2,Compliance
Carlton,36,3,H&R
Cornelius,36,3,Security
Precious,34,4,H&R
Ivy,34,2,I.T
Lea,34,8,H&R
Susana,33,2,Security
Loren,33,6,Design
Jeff,32,12,H&R
Chiquita,32,8,Security
Teri,32,7,Security
Tera,32,10,H&R
Caitlyn,31,11,H&R
Hailey,31,13,Marketing
Donte,30,6,Design
Oliver,30,11,Marketing
Natalia,30,47,Design
Cherie,29,4,I.T
Lakisha,29,2,Security
Karissa,29,15,I.T
Jeannette,28,5,H&R
Ariana,28,5,H&R
Lucia,28,2,Marketing
Jerrod,28,3,H&R
Kassandra,28,2,Compliance
Jerrod,28,3,H&R
Milton,28,10,Compliance
Micaela,27,4,Security
Krystina,27,5,Security
Esteban,27,14,H&R
Gilberto,27,13,Security
Chelsie,26,4,Security
Antwan,26,10,Security
Cathy,26,2,Compliance
Ty,25,2,H&R
Shante,25,2,Design
Roman,24,15,Marketing
Kylie,24,4,Security
Mercedes,24,4,Design
Dena,24,4,Security
Christi,24,4,Security
Latrice,24,4,Security
Kellen,24,4,Security
Freddie,24,4,Security
Clara,24,4,Security
Rosanna,24,4,Security
Demarcus,24,4,Security
Domonique,24,4,Security
Alvaro,24,10,Security
Shaina,24,8,Security
Nathanael,24,8,Security
Kacie,24,8,Security
Jodie,24,8,Security
Dusty,24,8,Security
Sidney,24,4,Security
Adrianne,24,4,Security
Mike,24,4,Security
Chloe,24,4,Security
Alecia,24,4,Security
Sam,24,4,Security
Rocio,24,8,Security
Kim,24,4,Design
Arlene,23,2,Security
Antonia,23,14,H&R
Jamaal,23,13,Security
Shantel,23,17,Security
Deidre,23,19,Design
Salvatore,23,2,Factory
Kimberley,23,3,Marketing
Gerard,23,2,Design
Gene,23,3,Design
Weston,23,49,I.T
Diego,22,10,Security
Tasia,22,16,Marketing
Mariah,22,3,Security
Jimmie,20,2,I.T
Zackary,20,4,Marketing
Hugo,20,4,Security
Leanna,20,8,Security
Lacie,20,4,Security
Donnie,19,10,Security
Aisha,18,7,Security
Marianne,18,13,Security
Lana,18,18,Security
Kyla,18,3,Security
Ginger,18,9,H&R
Tiana,18,2,I.T
Lashonda,18,2,Factory
Dayna,17,2,Compliance
Marcia,17,3,Security
Luz,17,6,H&R
Janna,17,14,Security
Riley,17,17,Security
Desirae,17,3,Factory
Billie,17,5,H&R
Zane,17,18,Security
Johnnie,17,3,H&R
Greg,17,14,Marketing
Angelique,16,4,Security
Kali,16,5,I.T
Silvia,16,8,Compliance
Asia,15,5,Security
Quincy,15,6,Marketing
Catrina,15,3,Marketing
Rusty,15,27,H&R
Frankie,15,10,Design
Athena,15,24,Design
Randolph,15,3,Compliance
Sheldon,15,2,Design
Athena,15,24,Compliance
Sheldon,15,2,Compliance
Toby,15,5,Compliance
Nadine,14,10,Marketing
Keshia,14,5,Security
Tosha,14,12,Marketing
Maranda,14,3,Security
Lester,14,10,Compliance
Maranda,14,3,Security
Korey,14,2,Compliance
Lynette,13,3,Compliance
Joan,13,10,H&R
Justina,13,14,Security
Moses,13,3,Marketing
Dominque,13,3,Design
Abbey,13,8,Design
Kristyn,13,3,Security
Dewayne,13,2,Marketing
Alonzo,13,11,Marketing
Laci,13,3,Design
Cori,12,20,I.T
Debbie,12,22,Marketing
Zackery,12,4,H&R
Parker,12,4,Security
Forrest,12,4,Security
Blaine,12,4,Security
Trina,12,4,Security
Herman,12,4,Security
Selena,12,4,Security
Myra,12,4,Security
Joni,12,4,Security
Bailey,12,4,Security
Julianna,12,2,Security
Edith,12,8,Security
Octavia,12,8,Security
Bryon,12,8,Security
Arielle,12,5,Security
Giovanni,11,4,Security
Jarod,11,4,Marketing
Floyd,11,2,H&R
Sonja,11,13,H&R
Kody,11,8,Security
Jamel,11,3,Security
Jeannie,11,4,Security
Elissa,11,14,Security
Leonardo,11,14,Security
Sadie,11,2,Security
Madison,11,4,Marketing
Kandice,11,2,Marketing
Kandice,11,2,Compliance
Reid,11,2,Compliance
Alanna,10,2,Compliance
Linsey,10,8,Design
Moises,10,6,Design
Darcy,10,2,Security
Britni,10,2,Compliance
Beatrice,10,2,Security
Darcy,10,2,Marketing
Corina,10,8,Compliance
Brooks,9,3,Security
Tori,9,2,H&R
Ramiro,9,10,H&R
Lamont,9,2,Security
Kenya,9,9,Security
Cheri,9,8,Security
Alec,9,2,Security
Roberta,9,2,Security
Jeanne,9,2,Security
Jackson,9,2,Compliance
Jeanne,9,2,Compliance
Jackson,9,2,Compliance
Shameka,9,5,Compliance
Sebastian,9,2,Factory
Ryne,9,8,Factory
Scotty,8,2,Security
Emilie,8,2,H&R
Ladonna,8,8,H&R
Stewart,8,16,Marketing
Dina,8,14,Security
Clark,8,2,Security
Chadwick,8,13,Security
Araceli,8,2,Marketing
Ali,8,2,Security
Kareem,8,2,Security
Janette,8,2,Security
Savanna,8,2,Compliance
Reuben,8,2,Compliance
Nakia,8,2,Security
Martina,8,2,Marketing
Wilson,8,11,Marketing
Kristian,8,2,Marketing
Daphne,8,2,Compliance
Kristian,8,2,Compliance
Daphne,8,2,Compliance
Savanna,8,2,Compliance
Cari,8,6,Compliance
Marsha,7,2,Security
Deidra,7,4,Marketing
Bridgett,7,2,Marketing
Rhiannon,7,2,I.T
Kristofer,7,13,H&R
Keenan,7,2,Security
Joelle,7,17,Factory
Colt,7,3,Security
Celina,7,2,H&R
Celina,7,2,Compliance
Penny,7,4,Compliance
Georgia,7,20,Factory
Eleanor,6,2,Security
Shanika,6,4,H&R
Daniella,6,16,Factory
Bernadette,6,2,H&R
Valarie,6,8,Marketing
Tarah,6,2,Security
Princess,6,8,Compliance
Noemi,6,2,Security
Maura,6,2,Compliance
Noemi,6,2,Compliance
Maura,6,2,Compliance
Santiago,6,7,Compliance
Jamison,6,2,Factory
Cecil,6,2,Factory
Ted,6,8,Factory
Selina,5,2,Security
Dan,5,3,H&R
Reynaldo,5,4,Factory
Myron,5,18,H&R
Sofia,5,4,Design
Doris,5,14,Marketing
Deangelo,5,5,Security
Ashli,5,2,Security
Randal,5,2,Security
Noe,5,2,Security
Jess,5,2,Security
Holli,5,10,Compliance
Chester,5,2,I.T
Rex,5,2,Marketing
Meghann,5,2,Marketing
Meghann,5,2,Compliance
Garret,5,2,Compliance
Marjorie,5,2,Design
Avery,5,2,Factory
Jazmin,4,2,H&R
Christal,4,2,Security
Freddy,4,8,H&R
Carson,4,2,Security
Raphael,4,3,Security
Quintin,4,2,H&R
Lakesha,4,2,Marketing
Gladys,4,5,H&R
Lizette,4,2,I.T
Latosha,4,13,Marketing
Carina,4,20,Security
Nick,4,4,Security
Joaquin,4,2,Security
Garry,4,3,Security
Erich,4,13,Security
Brennan,4,2,Security
Valencia,4,2,Compliance
Dion,4,2,H&R
Peggy,4,7,H&R
Nicolette,4,11,H&R
Leeann,4,2,Design
Maya,4,2,Marketing
Lakeshia,4,4,Compliance
Deon,4,5,Compliance
Ciera,4,11,Compliance
Maya,4,2,Compliance
Lakeshia,4,4,Compliance
Brennan,4,2,Compliance
Cristal,4,16,Compliance
Brice,4,2,Design
Beatriz,4,5,Factory
Wendell,4,4,H&R
Jenelle,3,3,H&R
Efrain,3,2,Security
Lyle,3,2,Design
Krysta,3,9,Security
Solomon,3,2,I.T
Jordon,3,8,I.T
Colette,3,2,Security
Alesha,3,2,Factory
Sammy,3,7,I.T
Rigoberto,3,8,Security
Liza,3,8,Security
Kristan,3,8,Security
Eliza,3,2,Security
Lily,3,3,Security
Hanna,3,2,Marketing
Candy,3,3,Compliance
Adan,3,4,Compliance
Renae,3,3,Compliance
Marcella,3,7,I.T
Lynsey,3,8,Security
Chastity,3,2,Marketing
Pauline,3,2,Marketing
Pauline,3,2,Compliance
Hanna,3,2,Compliance
Candy,3,3,Compliance
Adan,3,4,Compliance
Adrianna,3,5,Compliance
Sheree,2,3,H&R
Shanta,2,2,H&R
Marla,2,4,Factory
Delilah,2,2,Marketing
Susanna,2,6,Marketing
Kaylee,2,2,Security
Kassie,2,3,H&R
Felisha,2,11,Marketing
Aileen,2,4,H&R
Geneva,2,4,H&R
Wanda,2,8,Security
Siobhan,2,1,Design
Shea,2,4,Design
Kimberlee,2,2,Security
Gillian,2,4,Compliance
Roxana,2,7,I.T
Gabriella,2,4,H&R
Chantelle,2,4,Security
Candis,2,2,Marketing
Abbie,2,2,Marketing
Jeanine,2,24,Compliance
Abbie,2,2,Compliance
Jeanine,2,24,Compliance
Kimberlee,2,2,Compliance
Amos,2,4,Compliance
Marlena,2,2,Design
Marcie,2,3,Factory
Lucinda,2,6,Factory
,,,Marketing
